Element, Terminal, P(kW), Q(kvar),  P_Normal, Q_Normal, P_Emergency, Q_Emergency
"Line.M01"              ,   1,      1464.7,       724.9,         0.0,         0.0,         0.0,         0.0
"Line.M01"              ,   2,     -1459.6,      -721.9
"Line.M02"              ,   1,       623.9,       306.3,         0.0,         0.0,         0.0,         0.0
"Line.M02"              ,   2,      -623.4,      -306.1
"Line.LU1"              ,   1,       633.8,       313.0,         0.0,         0.0,         0.0,         0.0
"Line.LU1"              ,   2,      -633.5,      -312.9
"Line.LU2"              ,   1,       584.5,       288.7,         0.0,         0.0,         0.0,         0.0
"Line.LU2"              ,   2,      -584.1,      -288.5
"Line.LU3"              ,   1,       578.7,       286.1,         0.0,         0.0,         0.0,         0.0
"Line.LU3"              ,   2,      -578.5,      -286.0
"Line.LU4"              ,   1,       573.8,       283.8,         0.0,         0.0,         0.0,         0.0
"Line.LU4"              ,   2,      -573.7,      -283.8
"Line.LU5"              ,   1,       524.7,       259.6,         0.0,         0.0,         0.0,         0.0
"Line.LU5"              ,   2,      -524.4,      -259.5
"Line.LU6"              ,   1,       471.3,       233.2,         0.0,         0.0,         0.0,         0.0
"Line.LU6"              ,   2,      -471.0,      -233.2
"Line.LU7"              ,   1,       426.1,       211.0,         0.0,         0.0,         0.0,         0.0
"Line.LU7"              ,   2,      -425.9,      -211.0
"Line.LU8"              ,   1,       385.0,       191.0,         0.0,         0.0,         0.0,         0.0
"Line.LU8"              ,   2,      -384.8,      -191.0
"Line.LU9"              ,   1,       319.5,       158.4,         0.0,         0.0,         0.0,         0.0
"Line.LU9"              ,   2,      -319.4,      -158.4
"Line.LU10"             ,   1,       254.0,       125.9,         0.0,         0.0,         0.0,         0.0
"Line.LU10"             ,   2,      -254.0,      -125.9
"Line.LU11"             ,   1,       247.9,       122.9,         0.0,         0.0,         0.0,         0.0
"Line.LU11"             ,   2,      -247.9,      -123.0
"Line.LU12"             ,   1,       186.6,        92.5,         0.0,         0.0,         0.0,         0.0
"Line.LU12"             ,   2,      -186.6,       -92.6
"Line.LU13"             ,   1,       121.3,        60.0,         0.0,         0.0,         0.0,         0.0
"Line.LU13"             ,   2,      -121.3,       -60.0
"Line.LU14"             ,   1,        69.9,        34.2,         0.0,         0.0,         0.0,         0.0
"Line.LU14"             ,   2,       -69.9,       -34.2
"Line.LU15"             ,   1,        44.9,        22.0,         0.0,         0.0,         0.0,         0.0
"Line.LU15"             ,   2,       -44.9,       -22.1
"Line.LU16"             ,   1,        51.4,        25.8,         0.0,         0.0,         0.0,         0.0
"Line.LU16"             ,   2,       -51.4,       -25.9
"Line.LU17"             ,   1,        10.5,         5.8,         0.0,         0.0,         0.0,         0.0
"Line.LU17"             ,   2,       -10.5,        -5.9
"Line.LU18"             ,   1,       -54.8,       -26.7,         0.0,         0.0,         0.0,         0.0
"Line.LU18"             ,   2,        54.8,        26.6
"Line.LU19"             ,   1,      -103.8,       -51.1,         0.0,         0.0,         0.0,         0.0
"Line.LU19"             ,   2,       103.8,        51.1
"Line.LU20"             ,   1,      -243.3,      -119.3,         0.0,         0.0,         0.0,         0.0
"Line.LU20"             ,   2,       243.3,       119.3
"Line.LU21"             ,   1,      -266.5,      -130.7,         0.0,         0.0,         0.0,         0.0
"Line.LU21"             ,   2,       266.5,       130.6
"Line.LU22"             ,   1,      -285.9,      -139.9,         0.0,         0.0,         0.0,         0.0
"Line.LU22"             ,   2,       285.9,       139.9
"Line.LU23"             ,   1,      -741.7,      -368.5,         0.0,         0.0,         0.0,         0.0
"Line.LU23"             ,   2,       742.1,       368.6
"Line.LU24"             ,   1,      -791.1,      -392.9,         0.0,         0.0,         0.0,         0.0
"Line.LU24"             ,   2,       791.1,       392.9
"Line.LU25"             ,   1,      -791.4,      -392.9,         0.0,         0.0,         0.0,         0.0
"Line.LU25"             ,   2,       791.5,       392.9
"Line.LU26"             ,   1,      -815.8,      -404.6,         0.0,         0.0,         0.0,         0.0
"Line.LU26"             ,   2,       816.0,       404.6
"Line.LU27"             ,   1,      -816.2,      -404.6,         0.0,         0.0,         0.0,         0.0
"Line.LU27"             ,   2,       816.5,       404.8
"Line.LU28"             ,   1,      -816.5,      -404.8,         0.0,         0.0,         0.0,         0.0
"Line.LU28"             ,   2,       816.8,       404.9
"Line.LU29"             ,   1,      -823.3,      -407.9,         0.0,         0.0,         0.0,         0.0
"Line.LU29"             ,   2,       823.9,       408.2
"Line.LU30"             ,   1,      -824.2,      -408.2,         0.0,         0.0,         0.0,         0.0
"Line.LU30"             ,   2,       825.4,       408.8
"Line.LU31"             ,   1,      -825.6,      -408.8,         0.0,         0.0,         0.0,         0.0
"Line.LU31"             ,   2,       825.8,       408.9
"Line.LU32"             ,   1,       455.8,       228.6,         0.0,         0.0,         0.0,         0.0
"Line.LU32"             ,   2,      -455.8,      -228.6
"Line.LU33"             ,   1,       366.1,       183.1,         0.0,         0.0,         0.0,         0.0
"Line.LU33"             ,   2,      -366.1,      -183.2
"Line.LU34"             ,   1,       300.8,       150.6,         0.0,         0.0,         0.0,         0.0
"Line.LU34"             ,   2,      -300.7,      -150.6
"Line.LU35"             ,   1,       216.5,       108.6,         0.0,         0.0,         0.0,         0.0
"Line.LU35"             ,   2,      -216.5,      -108.6
"Line.LU36"             ,   1,       216.5,       108.7,         0.0,         0.0,         0.0,         0.0
"Line.LU36"             ,   2,      -216.5,      -108.7
"Line.LU37"             ,   1,       171.6,        86.6,         0.0,         0.0,         0.0,         0.0
"Line.LU37"             ,   2,      -171.6,       -86.6
"Line.LU38"             ,   1,       167.6,        84.7,         0.0,         0.0,         0.0,         0.0
"Line.LU38"             ,   2,      -167.6,       -84.7
"Line.LU39"             ,   1,       161.4,        81.9,         0.0,         0.0,         0.0,         0.0
"Line.LU39"             ,   2,      -161.4,       -81.9
"Line.LU40"             ,   1,       161.1,        81.9,         0.0,         0.0,         0.0,         0.0
"Line.LU40"             ,   2,      -161.1,       -81.9
"Line.LU41"             ,   1,        30.5,        14.3,         0.0,         0.0,         0.0,         0.0
"Line.LU41"             ,   2,       -30.5,       -14.3
"Line.LU42"             ,   1,       -18.5,        -9.8,         0.0,         0.0,         0.0,         0.0
"Line.LU42"             ,   2,        18.5,         9.7
"Line.LU43"             ,   1,       -83.9,       -42.3,         0.0,         0.0,         0.0,         0.0
"Line.LU43"             ,   2,        83.9,        42.2
"Line.LU44"             ,   1,       -83.9,       -42.2,         0.0,         0.0,         0.0,         0.0
"Line.LU44"             ,   2,        83.9,        42.1
"Line.LU45"             ,   1,       -84.2,       -42.1,         0.0,         0.0,         0.0,         0.0
"Line.LU45"             ,   2,        84.2,        42.0
"Line.LU46"             ,   1,       139.5,        68.2,         0.0,         0.0,         0.0,         0.0
"Line.LU46"             ,   2,      -139.5,       -68.3
"Line.LU47"             ,   1,        90.4,        44.1,         0.0,         0.0,         0.0,         0.0
"Line.LU47"             ,   2,       -90.4,       -44.1
"Line.LU48"             ,   1,        90.4,        44.1,         0.0,         0.0,         0.0,         0.0
"Line.LU48"             ,   2,       -90.4,       -44.2
"Line.LU49"             ,   1,        49.6,        24.1,         0.0,         0.0,         0.0,         0.0
"Line.LU49"             ,   2,       -49.6,       -24.1
"Line.LU50"             ,   1,        49.0,        24.2,         0.0,         0.0,         0.0,         0.0
"Line.LU50"             ,   2,       -49.0,       -24.2
"Line.LU51"             ,   1,         0.5,        -0.0,         0.0,         0.0,         0.0,         0.0
"Line.LU51"             ,   2,        -0.5,         0.0
"Line.LU52"             ,   1,         0.3,        -0.0,         0.0,         0.0,         0.0,         0.0
"Line.LU52"             ,   2,        -0.3,        -0.0
"Line.LU54"             ,   1,       120.5,        59.1,         0.0,         0.0,         0.0,         0.0
"Line.LU54"             ,   2,      -120.5,       -59.2
"Line.LU55"             ,   1,       110.3,        54.4,         0.0,         0.0,         0.0,         0.0
"Line.LU55"             ,   2,      -110.3,       -54.5
"Line.LU56"             ,   1,        57.2,        28.2,         0.0,         0.0,         0.0,         0.0
"Line.LU56"             ,   2,       -57.2,       -28.4
"Line.LU57"             ,   1,       462.0,       226.9,         0.0,         0.0,         0.0,         0.0
"Line.LU57"             ,   2,      -461.7,      -226.9
"Line.LU58"             ,   1,       461.4,       226.9,         0.0,         0.0,         0.0,         0.0
"Line.LU58"             ,   2,      -461.2,      -226.9
"Line.LU59"             ,   1,       450.1,       221.6,         0.0,         0.0,         0.0,         0.0
"Line.LU59"             ,   2,      -450.1,      -221.6
"Line.LU60"             ,   1,       405.1,       199.5,         0.0,         0.0,         0.0,         0.0
"Line.LU60"             ,   2,      -405.1,      -199.5
"Line.LU61"             ,   1,       364.2,       179.4,         0.0,         0.0,         0.0,         0.0
"Line.LU61"             ,   2,      -364.2,      -179.4
"Line.LU62"             ,   1,       298.8,       146.8,         0.0,         0.0,         0.0,         0.0
"Line.LU62"             ,   2,      -298.8,      -146.8
"Line.LU63"             ,   1,       257.9,       126.8,         0.0,         0.0,         0.0,         0.0
"Line.LU63"             ,   2,      -257.9,      -126.8
"Line.LU64"             ,   1,        57.4,        28.3,         0.0,         0.0,         0.0,         0.0
"Line.LU64"             ,   2,       -57.4,       -28.3
"Line.LU65"             ,   1,         0.3,        -0.0,         0.0,         0.0,         0.0,         0.0
"Line.LU65"             ,   2,        -0.3,        -0.0
"Line.LU66"             ,   1,       200.5,        98.5,         0.0,         0.0,         0.0,         0.0
"Line.LU66"             ,   2,      -200.4,       -98.6
"Line.LU67"             ,   1,        57.2,        28.3,         0.0,         0.0,         0.0,         0.0
"Line.LU67"             ,   2,       -57.2,       -28.4
"Line.LU68"             ,   1,        98.3,        48.1,         0.0,         0.0,         0.0,         0.0
"Line.LU68"             ,   2,       -98.3,       -48.2
"Line.LU69"             ,   1,         0.3,        -0.1,         0.0,         0.0,         0.0,         0.0
"Line.LU69"             ,   2,        -0.3,        -0.0
"Line.LU70"             ,   1,        49.0,        24.1,         0.0,         0.0,         0.0,         0.0
"Line.LU70"             ,   2,       -49.0,       -24.2
"Line.LU73"             ,   1,        -0.0,        -0.0,         0.0,         0.0,         0.0,         0.0
"Line.LU73"             ,   2,         0.0,         0.0
"Transformer.RAM_MANDIR",   1,        49.0,        24.2,         0.0,         0.0,         0.0,         0.0
"Transformer.RAM_MANDIR",   2,       -48.6,       -23.5
"Transformer.DEMPO_DTC" ,   1,         5.5,         2.5,         0.0,         0.0,         0.0,         0.0
"Transformer.DEMPO_DTC" ,   2,        -5.2,        -2.5
"Transformer.RB_ENGG"   ,   1,         4.7,         2.2,         0.0,         0.0,         0.0,         0.0
"Transformer.RB_ENGG"   ,   2,        -4.4,        -2.2
"Transformer.UNDIR_BAKALE",   1,        49.0,        24.2,         0.0,         0.0,         0.0,         0.0
"Transformer.UNDIR_BAKALE",   2,       -48.6,       -23.5
"Transformer.MULEBHAT"  ,   1,        53.1,        26.3,         0.0,         0.0,         0.0,         0.0
"Transformer.MULEBHAT"  ,   2,       -52.7,       -25.5
"Transformer.MARUTI_TEMPLE",   1,        44.9,        22.1,         0.0,         0.0,         0.0,         0.0
"Transformer.MARUTI_TEMPLE",   2,       -44.6,       -21.6
"Transformer.CHIKALI"   ,   1,        40.9,        20.1,         0.0,         0.0,         0.0,         0.0
"Transformer.CHIKALI"   ,   2,       -40.5,       -19.6
"Transformer.ADPAI"     ,   1,        65.3,        32.6,         0.0,         0.0,         0.0,         0.0
"Transformer.ADPAI"     ,   2,       -64.8,       -31.4
"Transformer.DURBHAT"   ,   1,        65.3,        32.6,         0.0,         0.0,         0.0,         0.0
"Transformer.DURBHAT"   ,   2,       -64.8,       -31.4
"Transformer.SEWERAGE"  ,   1,         6.1,         2.9,         0.0,         0.0,         0.0,         0.0
"Transformer.SEWERAGE"  ,   2,        -5.8,        -2.9
"Transformer.KASWADA"   ,   1,        61.3,        30.5,         0.0,         0.0,         0.0,         0.0
"Transformer.KASWADA"   ,   2,       -60.8,       -29.4
"Transformer.LONDIYAR_WADEM",   1,        65.3,        32.6,         0.0,         0.0,         0.0,         0.0
"Transformer.LONDIYAR_WADEM",   2,       -64.8,       -31.4
"Transformer.NEW_TALAULIM",   1,        24.9,        12.2,         0.0,         0.0,         0.0,         0.0
"Transformer.NEW_TALAULIM",   2,       -24.6,       -12.1
"Transformer.WADI"      ,   1,        44.9,        22.1,         0.0,         0.0,         0.0,         0.0
"Transformer.WADI"      ,   2,       -44.6,       -21.6
"Transformer.TALAULIM"  ,   1,        40.9,        20.1,         0.0,         0.0,         0.0,         0.0
"Transformer.TALAULIM"  ,   2,       -40.5,       -19.6
"Transformer.MAHALAKSHMI_NAGAR",   1,        65.3,        32.6,         0.0,         0.0,         0.0,         0.0
"Transformer.MAHALAKSHMI_NAGAR",   2,       -64.8,       -31.4
"Transformer.PAUNWADA"  ,   1,        49.0,        24.5,         0.0,         0.0,         0.0,         0.0
"Transformer.PAUNWADA"  ,   2,       -48.6,       -23.5
"Transformer.KAVLE_MATH",   1,        23.1,        11.4,         0.0,         0.0,         0.0,         0.0
"Transformer.KAVLE_MATH",   2,       -22.8,       -11.3
"Transformer.SHANTADURGA_OLD",   1,        19.4,         9.2,         0.0,         0.0,         0.0,         0.0
"Transformer.SHANTADURGA_OLD",   2,       -19.1,        -9.1
"Transformer.SANATAN_1" ,   1,        49.0,        24.2,         0.0,         0.0,         0.0,         0.0
"Transformer.SANATAN_1" ,   2,       -48.6,       -23.5
"Transformer.SANATAN_2" ,   1,         0.3,         0.0,         0.0,         0.0,         0.0,         0.0
"Transformer.SANATAN_2" ,   2,         0.0,        -0.0
"Transformer.RAMNATHI_DEVASTHAN",   1,        24.4,        11.7,         0.0,         0.0,         0.0,         0.0
"Transformer.RAMNATHI_DEVASTHAN",   2,       -24.1,       -11.5
"Transformer.RAMNATHI"  ,   1,         0.3,         0.0,         0.0,         0.0,         0.0,         0.0
"Transformer.RAMNATHI"  ,   2,         0.0,        -0.0
"Transformer.RPRS_SCHOOL",   1,         6.4,         3.0,         0.0,         0.0,         0.0,         0.0
"Transformer.RPRS_SCHOOL",   2,        -6.2,        -3.0
"Transformer.TOLULEM"   ,   1,         0.3,         0.0,         0.0,         0.0,         0.0,         0.0
"Transformer.TOLULEM"   ,   2,        -0.0,         0.0
"Transformer.KHARWADA"  ,   1,         0.3,         0.0,         0.0,         0.0,         0.0,         0.0
"Transformer.KHARWADA"  ,   2,         0.0,         0.0
"Transformer.SHANTADURGA_NEW",   1,        89.7,        45.4,         0.0,         0.0,         0.0,         0.0
"Transformer.SHANTADURGA_NEW",   2,       -89.1,       -43.2
"Transformer.GALSHIRE"  ,   1,        65.3,        32.6,         0.0,         0.0,         0.0,         0.0
"Transformer.GALSHIRE"  ,   2,       -64.8,       -31.4
"Transformer.RAJENDRA_TALAK",   1,         4.0,         1.8,         0.0,         0.0,         0.0,         0.0
"Transformer.RAJENDRA_TALAK",   2,        -3.8,        -1.8
"Transformer.RITESH_DEVELOPERS",   1,         6.2,         2.9,         0.0,         0.0,         0.0,         0.0
"Transformer.RITESH_DEVELOPERS",   2,        -5.9,        -2.9
"Transformer.VENKATESH_LEELA",   1,         0.3,         0.0,         0.0,         0.0,         0.0,         0.0
"Transformer.VENKATESH_LEELA",   2,         0.0,         0.0
"Transformer.PERIGOL"   ,   1,       130.7,        67.6,         0.0,         0.0,         0.0,         0.0
"Transformer.PERIGOL"   ,   2,      -129.6,       -62.8
"Transformer.MANMOHAN_SINGH",   1,        49.0,        24.1,         0.0,         0.0,         0.0,         0.0
"Transformer.MANMOHAN_SINGH",   2,       -48.6,       -23.5
"Transformer.DHUMRE"    ,   1,        65.3,        32.6,         0.0,         0.0,         0.0,         0.0
"Transformer.DHUMRE"    ,   2,       -64.8,       -31.4
"Transformer.SHASHIKALA_PAI",   1,         0.3,         0.0,         0.0,         0.0,         0.0,         0.0
"Transformer.SHASHIKALA_PAI",   2,        -0.0,        -0.0
"Transformer.KAPILESHWARI",   1,        49.0,        24.2,         0.0,         0.0,         0.0,         0.0
"Transformer.KAPILESHWARI",   2,       -48.6,       -23.5
"Transformer.MATRUCHAYA",   1,        40.9,        20.1,         0.0,         0.0,         0.0,         0.0
"Transformer.MATRUCHAYA",   2,       -40.5,       -19.6
"Transformer.VAMNESHWAR",   1,        49.0,        24.2,         0.0,         0.0,         0.0,         0.0
"Transformer.VAMNESHWAR",   2,       -48.6,       -23.5
"Transformer.GOLDEN_PROPERTIES",   1,         0.3,         0.0,         0.0,         0.0,         0.0,         0.0
"Transformer.GOLDEN_PROPERTIES",   2,         0.0,         0.0
"Transformer.RITESH"    ,   1,         0.3,         0.0,         0.0,         0.0,         0.0,         0.0
"Transformer.RITESH"    ,   2,         0.0,        -0.0
"Transformer.T_SNEH_MANDIR",   1,        44.9,        22.1,         0.0,         0.0,         0.0,         0.0
"Transformer.T_SNEH_MANDIR",   2,       -44.6,       -21.6
"Transformer.T_RAIGUINIM",   1,        49.0,        24.2,         0.0,         0.0,         0.0,         0.0
"Transformer.T_RAIGUINIM",   2,       -48.6,       -23.5
"Transformer.T_BANDORAPANCHAYAT",   1,        49.0,        24.2,         0.0,         0.0,         0.0,         0.0
"Transformer.T_BANDORAPANCHAYAT",   2,       -48.6,       -23.5
"Transformer.T_KASHIMATHGROUND",   1,         0.3,         0.0,         0.0,         0.0,         0.0,         0.0
"Transformer.T_KASHIMATHGROUND",   2,         0.0,        -0.0
"Transformer.T_NAGESHITEMPLE",   1,        44.9,        22.1,         0.0,         0.0,         0.0,         0.0
"Transformer.T_NAGESHITEMPLE",   2,       -44.6,       -21.6
"Transformer.T_DHONSHI" ,   1,        57.2,        28.4,         0.0,         0.0,         0.0,         0.0
"Transformer.T_DHONSHI" ,   2,       -56.7,       -27.5
"Transformer.T_AGRASHALA",   1,        40.9,        20.1,         0.0,         0.0,         0.0,         0.0
"Transformer.T_AGRASHALA",   2,       -40.5,       -19.6
"Transformer.T_HINDUJAN",   1,        57.2,        28.4,         0.0,         0.0,         0.0,         0.0
"Transformer.T_HINDUJAN",   2,       -56.7,       -27.5
"Transformer.T_VAGDOR"  ,   1,         0.3,         0.0,         0.0,         0.0,         0.0,         0.0
"Transformer.T_VAGDOR"  ,   2,         0.0,         0.0
"Transformer.T_MAHALAXMI",   1,        65.3,        32.6,         0.0,         0.0,         0.0,         0.0
"Transformer.T_MAHALAXMI",   2,       -64.8,       -31.4
"Transformer.T_PEARL"   ,   1,        40.9,        20.1,         0.0,         0.0,         0.0,         0.0
"Transformer.T_PEARL"   ,   2,       -40.5,       -19.6
"Transformer.T_KUNAL"   ,   1,        44.9,        22.1,         0.0,         0.0,         0.0,         0.0
"Transformer.T_KUNAL"   ,   2,       -44.6,       -21.6
"Transformer.T_SHAMRAO" ,   1,        11.1,         5.3,         0.0,         0.0,         0.0,         0.0
"Transformer.T_SHAMRAO" ,   2,       -10.8,        -5.2
"Transformer.T_MOGRU"   ,   1,         0.3,         0.0,         0.0,         0.0,         0.0,         0.0
"Transformer.T_MOGRU"   ,   2,         0.0,         0.0
"Transformer.T_KONARGAUNEM",   1,        40.9,        20.1,         0.0,         0.0,         0.0,         0.0
"Transformer.T_KONARGAUNEM",   2,       -40.5,       -19.6
"Transformer.T_MGSCHOOL",   1,        10.2,         4.8,         0.0,         0.0,         0.0,         0.0
"Transformer.T_MGSCHOOL",   2,        -9.9,        -4.8
"Transformer.T_CHAFERAN",   1,        53.1,        26.2,         0.0,         0.0,         0.0,         0.0
"Transformer.T_CHAFERAN",   2,       -52.7,       -25.5
"Transformer.T_SHIGUMOMAND",   1,        57.2,        28.4,         0.0,         0.0,         0.0,         0.0
"Transformer.T_SHIGUMOMAND",   2,       -56.7,       -27.5
"Line.S01"              ,   1,       928.8,       458.4,         0.0,         0.0,         0.0,         0.0
"Line.S01"              ,   2,      -928.5,      -458.2
"Line.L1"               ,   1,       650.3,       321.1,         0.0,         0.0,         0.0,         0.0
"Line.L1"               ,   2,      -650.2,      -321.1
"Line.L2"               ,   1,       635.7,       314.0,         0.0,         0.0,         0.0,         0.0
"Line.L2"               ,   2,      -635.6,      -314.0
"Line.L3"               ,   1,       598.7,       295.6,         0.0,         0.0,         0.0,         0.0
"Line.L3"               ,   2,      -598.6,      -295.6
"Line.L4"               ,   1,       490.7,       242.2,         0.0,         0.0,         0.0,         0.0
"Line.L4"               ,   2,      -490.6,      -242.2
"Line.L5"               ,   1,       484.3,       239.1,         0.0,         0.0,         0.0,         0.0
"Line.L5"               ,   2,      -484.3,      -239.1
"Line.L6"               ,   1,        -9.0,        -4.2,         0.0,         0.0,         0.0,         0.0
"Line.L6"               ,   2,         9.0,         4.2
"Line.L7"               ,   1,       -16.2,        -7.7,         0.0,         0.0,         0.0,         0.0
"Line.L7"               ,   2,        16.2,         7.7
"Line.L8"               ,   1,       -40.6,       -19.6,         0.0,         0.0,         0.0,         0.0
"Line.L8"               ,   2,        40.6,        19.5
"Line.L9"               ,   1,       -65.1,       -31.6,         0.0,         0.0,         0.0,         0.0
"Line.L9"               ,   2,        65.1,        31.5
"Line.L10"              ,   1,       112.2,        56.5,         0.0,         0.0,         0.0,         0.0
"Line.L10"              ,   2,      -112.2,       -56.5
"Line.L11"              ,   1,        45.8,        22.6,         0.0,         0.0,         0.0,         0.0
"Line.L11"              ,   2,       -45.8,       -22.7
"Line.L12"              ,   1,       278.2,       137.1,         0.0,         0.0,         0.0,         0.0
"Line.L12"              ,   2,      -278.2,      -137.1
"Line.L13"              ,   1,        36.1,        17.5,         0.0,         0.0,         0.0,         0.0
"Line.L13"              ,   2,       -36.1,       -17.6
"Line.L14"              ,   1,       242.1,       119.6,         0.0,         0.0,         0.0,         0.0
"Line.L14"              ,   2,      -242.0,      -119.6
"Line.L15"              ,   1,       176.5,        87.0,         0.0,         0.0,         0.0,         0.0
"Line.L15"              ,   2,      -176.4,       -87.1
"Line.L16"              ,   1,       166.3,        82.2,         0.0,         0.0,         0.0,         0.0
"Line.L16"              ,   2,      -166.3,       -82.3
"Line.L17"              ,   1,         0.0,        -0.0,         0.0,         0.0,         0.0,         0.0
"Line.L17"              ,   2,         0.0,         0.0
"Line.L18"              ,   1,       338.6,       168.4,         0.0,         0.0,         0.0,         0.0
"Line.L18"              ,   2,      -338.6,      -168.4
"Line.L19"              ,   1,       266.4,       133.3,         0.0,         0.0,         0.0,         0.0
"Line.L19"              ,   2,      -266.4,      -133.3
"Line.L20"              ,   1,       233.6,       117.0,         0.0,         0.0,         0.0,         0.0
"Line.L20"              ,   2,      -233.6,      -117.0
"Line.L21"              ,   1,        52.5,        26.0,         0.0,         0.0,         0.0,         0.0
"Line.L21"              ,   2,       -52.5,       -26.1
"Line.L22"              ,   1,         0.0,        -0.0,         0.0,         0.0,         0.0,         0.0
"Line.L22"              ,   2,        -0.0,        -0.0
"Line.L23"              ,   1,        64.4,        30.9,         0.0,         0.0,         0.0,         0.0
"Line.L23"              ,   2,       -64.4,       -31.0
"Line.L24"              ,   1,        39.2,        18.8,         0.0,         0.0,         0.0,         0.0
"Line.L24"              ,   2,       -39.2,       -18.8
"Line.L25"              ,   1,        27.6,        13.1,         0.0,         0.0,         0.0,         0.0
"Line.L25"              ,   2,       -27.6,       -13.2
"Line.L26"              ,   1,         7.2,         3.2,         0.0,         0.0,         0.0,         0.0
"Line.L26"              ,   2,        -7.2,        -3.3
"Line.L27"              ,   1,         0.0,        -0.2,         0.0,         0.0,         0.0,         0.0
"Line.L27"              ,   2,         0.0,         0.0
"Line.L28"              ,   1,       490.8,       242.2,         0.0,         0.0,         0.0,         0.0
"Line.L28"              ,   2,      -490.7,      -242.2
"Line.L29"              ,   1,       107.8,        53.3,         0.0,         0.0,         0.0,         0.0
"Line.L29"              ,   2,      -107.8,       -53.5
"Line.L30"              ,   1,       107.8,        53.5,         0.0,         0.0,         0.0,         0.0
"Line.L30"              ,   2,      -107.8,       -53.5
"Line.L31"              ,   1,        81.3,        39.7,         0.0,         0.0,         0.0,         0.0
"Line.L31"              ,   2,       -81.3,       -39.8
"Line.L32"              ,   1,      -177.3,       -88.0,         0.0,         0.0,         0.0,         0.0
"Line.L32"              ,   2,       177.3,        87.9
"Line.L33"              ,   1,      -216.8,      -107.6,         0.0,         0.0,         0.0,         0.0
"Line.L33"              ,   2,       216.8,       107.6
"Line.L34"              ,   1,       176.4,        87.1,         0.0,         0.0,         0.0,         0.0
"Line.L34"              ,   2,      -176.4,       -87.1
"Line.L35"              ,   1,       166.3,        82.3,         0.0,         0.0,         0.0,         0.0
"Line.L35"              ,   2,      -166.3,       -82.3
"Line.L36"              ,   1,       109.0,        54.0,         0.0,         0.0,         0.0,         0.0
"Line.L36"              ,   2,      -109.0,       -54.1
"Transformer.T1"        ,   1,        14.4,         7.0,         0.0,         0.0,         0.0,         0.0
"Transformer.T1"        ,   2,       -14.4,        -7.0
"Transformer.T2"        ,   1,        36.9,        18.4,         0.0,         0.0,         0.0,         0.0
"Transformer.T2"        ,   2,       -36.5,       -17.7
"Transformer.T3"        ,   1,         0.0,         0.0,         0.0,         0.0,         0.0,         0.0
"Transformer.T3"        ,   2,         0.0,        -0.0
"Transformer.T4"        ,   1,         6.3,         3.1,         0.0,         0.0,         0.0,         0.0
"Transformer.T4"        ,   2,        -6.3,        -3.1
"Transformer.T5"        ,   1,        90.2,        44.0,         0.0,         0.0,         0.0,         0.0
"Transformer.T5"        ,   2,       -90.0,       -43.6
"Transformer.T6"        ,   1,         7.2,         3.5,         0.0,         0.0,         0.0,         0.0
"Transformer.T6"        ,   2,        -7.2,        -3.5
"Transformer.T7"        ,   1,        24.4,        11.9,         0.0,         0.0,         0.0,         0.0
"Transformer.T7"        ,   2,       -24.3,       -11.8
"Transformer.T8"        ,   1,        24.5,        12.1,         0.0,         0.0,         0.0,         0.0
"Transformer.T8"        ,   2,       -24.3,       -11.8
"Transformer.T9"        ,   1,        66.4,        33.9,         0.0,         0.0,         0.0,         0.0
"Transformer.T9"        ,   2,       -64.8,       -31.4
"Transformer.T10"       ,   1,        39.4,        19.7,         0.0,         0.0,         0.0,         0.0
"Transformer.T10"       ,   2,       -38.9,       -18.8
"Transformer.T11"       ,   1,        72.2,        35.2,         0.0,         0.0,         0.0,         0.0
"Transformer.T11"       ,   2,       -72.0,       -34.9
"Transformer.T12"       ,   1,        32.8,        16.3,         0.0,         0.0,         0.0,         0.0
"Transformer.T12"       ,   2,       -32.4,       -15.7
"Transformer.T13"       ,   1,       181.1,        91.0,         0.0,         0.0,         0.0,         0.0
"Transformer.T13"       ,   2,      -178.2,       -86.3
"Transformer.T14"       ,   1,        52.5,        26.1,         0.0,         0.0,         0.0,         0.0
"Transformer.T14"       ,   2,       -51.8,       -25.1
"Transformer.T15"       ,   1,        25.3,        12.3,         0.0,         0.0,         0.0,         0.0
"Transformer.T15"       ,   2,       -25.2,       -12.2
"Transformer.T16"       ,   1,        11.5,         5.6,         0.0,         0.0,         0.0,         0.0
"Transformer.T16"       ,   2,       -11.5,        -5.6
"Transformer.T17"       ,   1,        20.4,        10.0,         0.0,         0.0,         0.0,         0.0
"Transformer.T17"       ,   2,       -20.3,        -9.8
"Transformer.T18"       ,   1,         7.2,         3.5,         0.0,         0.0,         0.0,         0.0
"Transformer.T18"       ,   2,        -7.2,        -3.5
"Transformer.T19"       ,   1,        57.3,        28.4,         0.0,         0.0,         0.0,         0.0
"Transformer.T19"       ,   2,       -56.7,       -27.5
"Transformer.T20"       ,   1,        10.1,         4.9,         0.0,         0.0,         0.0,         0.0
"Transformer.T20"       ,   2,       -10.1,        -4.9
"Transformer.T21"       ,   1,        65.6,        32.6,         0.0,         0.0,         0.0,         0.0
"Transformer.T21"       ,   2,       -64.8,       -31.4
"Transformer.T22"       ,   1,        36.1,        17.6,         0.0,         0.0,         0.0,         0.0
"Transformer.T22"       ,   2,       -36.0,       -17.4
"Transformer.T23"       ,   1,        45.8,        22.7,         0.0,         0.0,         0.0,         0.0
"Transformer.T23"       ,   2,       -45.4,       -22.0
"Line.F01"              ,   1,      1862.3,       921.4,         0.0,         0.0,         0.0,         0.0
"Line.F01"              ,   2,     -1859.3,      -919.5
"Line.F02"              ,   1,      1810.2,       895.3,         0.0,         0.0,         0.0,         0.0
"Line.F02"              ,   2,     -1808.9,      -894.5
"Line.F03"              ,   1,      1743.4,       861.9,         0.0,         0.0,         0.0,         0.0
"Line.F03"              ,   2,     -1742.3,      -861.2
"Line.F04"              ,   1,      1676.8,       828.6,         0.0,         0.0,         0.0,         0.0
"Line.F04"              ,   2,     -1675.6,      -827.9
"Line.F05"              ,   1,      1610.0,       795.3,         0.0,         0.0,         0.0,         0.0
"Line.F05"              ,   2,     -1609.9,      -795.3
"Line.F06"              ,   1,      1609.9,       795.3,         0.0,         0.0,         0.0,         0.0
"Line.F06"              ,   2,     -1609.6,      -795.1
"Line.F07"              ,   1,      1560.6,       770.8,         0.0,         0.0,         0.0,         0.0
"Line.F07"              ,   2,     -1560.1,      -770.5
"Line.F08"              ,   1,      1494.5,       737.9,         0.0,         0.0,         0.0,         0.0
"Line.F08"              ,   2,     -1494.4,      -737.9
"Line.F09"              ,   1,      1494.4,       737.9,         0.0,         0.0,         0.0,         0.0
"Line.F09"              ,   2,     -1494.2,      -737.7
"Line.F10"              ,   1,      1479.7,       730.7,         0.0,         0.0,         0.0,         0.0
"Line.F10"              ,   2,     -1479.5,      -730.6
"Line.F11"              ,   1,      1430.5,       706.4,         0.0,         0.0,         0.0,         0.0
"Line.F11"              ,   2,     -1430.2,      -706.2
"Line.F12"              ,   1,      1372.9,       677.8,         0.0,         0.0,         0.0,         0.0
"Line.F12"              ,   2,     -1372.9,      -677.8
"Line.F13"              ,   1,      1333.7,       658.5,         0.0,         0.0,         0.0,         0.0
"Line.F13"              ,   2,     -1333.2,      -658.2
"Line.F14"              ,   1,        39.2,        19.3,         0.0,         0.0,         0.0,         0.0
"Line.F14"              ,   2,       -39.2,       -19.4
"Line.F15"              ,   1,      1275.9,       629.8,         0.0,         0.0,         0.0,         0.0
"Line.F15"              ,   2,     -1275.9,      -629.8
"Line.F16"              ,   1,       637.9,       314.9,         0.0,         0.0,         0.0,         0.0
"Line.F16"              ,   2,      -637.9,      -314.9
"Line.F17"              ,   1,       637.9,       314.9,         0.0,         0.0,         0.0,         0.0
"Line.F17"              ,   2,      -637.9,      -314.9
"Line.F18"              ,   1,      1226.5,       605.3,         0.0,         0.0,         0.0,         0.0
"Line.F18"              ,   2,     -1226.2,      -605.1
"Line.F19"              ,   1,      1177.2,       580.9,         0.0,         0.0,         0.0,         0.0
"Line.F19"              ,   2,     -1176.9,      -580.7
"Line.F20"              ,   1,      1176.9,       580.7,         0.0,         0.0,         0.0,         0.0
"Line.F20"              ,   2,     -1176.7,      -580.6
"Line.F21"              ,   1,      1123.0,       554.2,         0.0,         0.0,         0.0,         0.0
"Line.F21"              ,   2,     -1122.8,      -554.1
"Line.F22"              ,   1,        53.7,        26.3,         0.0,         0.0,         0.0,         0.0
"Line.F22"              ,   2,       -53.7,       -26.4
"Line.F23"              ,   1,        39.2,        19.3,         0.0,         0.0,         0.0,         0.0
"Line.F23"              ,   2,       -39.2,       -19.3
"Line.F24"              ,   1,        -0.0,        -0.0,         0.0,         0.0,         0.0,         0.0
"Line.F24"              ,   2,         0.0,         0.0
"Line.F25"              ,   1,      1122.8,       554.1,         0.0,         0.0,         0.0,         0.0
"Line.F25"              ,   2,     -1122.8,      -554.1
"Line.F26"              ,   1,         5.4,         2.6,         0.0,         0.0,         0.0,         0.0
"Line.F26"              ,   2,        -5.4,        -2.6
"Line.F27"              ,   1,        -0.0,        -0.0,         0.0,         0.0,         0.0,         0.0
"Line.F27"              ,   2,        -0.0,         0.0
"Line.F28"              ,   1,       682.6,       337.0,         0.0,         0.0,         0.0,         0.0
"Line.F28"              ,   2,      -682.6,      -337.0
"Line.F29"              ,   1,       434.8,       214.4,         0.0,         0.0,         0.0,         0.0
"Line.F29"              ,   2,      -434.7,      -214.4
"Line.F30"              ,   1,       434.7,       214.4,         0.0,         0.0,         0.0,         0.0
"Line.F30"              ,   2,      -434.7,      -214.4
"Line.F31"              ,   1,       416.7,       205.7,         0.0,         0.0,         0.0,         0.0
"Line.F31"              ,   2,      -416.7,      -205.7
"Line.F32"              ,   1,       407.6,       201.3,         0.0,         0.0,         0.0,         0.0
"Line.F32"              ,   2,      -407.6,      -201.3
"Line.F33"              ,   1,       379.2,       187.5,         0.0,         0.0,         0.0,         0.0
"Line.F33"              ,   2,      -379.2,      -187.5
"Line.F34"              ,   1,       313.7,       154.9,         0.0,         0.0,         0.0,         0.0
"Line.F34"              ,   2,      -313.6,      -154.9
"Line.F35"              ,   1,       248.1,       122.3,         0.0,         0.0,         0.0,         0.0
"Line.F35"              ,   2,      -248.0,      -122.3
"Line.F36"              ,   1,       233.6,       115.3,         0.0,         0.0,         0.0,         0.0
"Line.F36"              ,   2,      -233.6,      -115.3
"Line.F37"              ,   1,       233.6,       115.3,         0.0,         0.0,         0.0,         0.0
"Line.F37"              ,   2,      -233.6,      -115.3
"Line.F38"              ,   1,       596.9,       294.7,         0.0,         0.0,         0.0,         0.0
"Line.F38"              ,   2,      -596.8,      -294.7
"Line.F39"              ,   1,       596.8,       294.7,         0.0,         0.0,         0.0,         0.0
"Line.F39"              ,   2,      -596.8,      -294.7
"Line.F40"              ,   1,       585.2,       289.0,         0.0,         0.0,         0.0,         0.0
"Line.F40"              ,   2,      -585.1,      -289.0
"Line.F41"              ,   1,       487.1,       240.6,         0.0,         0.0,         0.0,         0.0
"Line.F41"              ,   2,      -487.0,      -240.5
"Line.F42"              ,   1,       421.4,       207.9,         0.0,         0.0,         0.0,         0.0
"Line.F42"              ,   2,      -421.4,      -207.9
"Line.F43"              ,   1,       399.7,       197.4,         0.0,         0.0,         0.0,         0.0
"Line.F43"              ,   2,      -399.7,      -197.4
"Line.F44"              ,   1,       301.6,       149.0,         0.0,         0.0,         0.0,         0.0
"Line.F44"              ,   2,      -301.6,      -149.0
"Line.F45"              ,   1,       147.2,        72.7,         0.0,         0.0,         0.0,         0.0
"Line.F45"              ,   2,      -147.2,       -72.7
"Line.F46"              ,   1,        65.6,        32.5,         0.0,         0.0,         0.0,         0.0
"Line.F46"              ,   2,       -65.6,       -32.6
"Line.F47"              ,   1,        65.6,        32.6,         0.0,         0.0,         0.0,         0.0
"Line.F47"              ,   2,       -65.6,       -32.6
"Line.F48"              ,   1,       617.0,       304.4,         0.0,         0.0,         0.0,         0.0
"Line.F48"              ,   2,      -616.9,      -304.4
"Line.F49"              ,   1,       122.9,        60.9,         0.0,         0.0,         0.0,         0.0
"Line.F49"              ,   2,      -122.9,       -60.9
"Line.F50"              ,   1,        65.6,        32.5,         0.0,         0.0,         0.0,         0.0
"Line.F50"              ,   2,       -65.6,       -32.5
"Line.F51"              ,   1,         0.0,        -0.1,         0.0,         0.0,         0.0,         0.0
"Line.F51"              ,   2,        -0.0,        -0.0
"Line.F52"              ,   1,       494.1,       243.5,         0.0,         0.0,         0.0,         0.0
"Line.F52"              ,   2,      -494.0,      -243.5
"Line.F53"              ,   1,       479.6,       236.5,         0.0,         0.0,         0.0,         0.0
"Line.F53"              ,   2,      -479.5,      -236.5
"Line.F54"              ,   1,        50.5,        24.5,         0.0,         0.0,         0.0,         0.0
"Line.F54"              ,   2,       -50.5,       -24.5
"Line.F55"              ,   1,        25.3,        12.2,         0.0,         0.0,         0.0,         0.0
"Line.F55"              ,   2,       -25.3,       -12.2
"Line.F56"              ,   1,         0.0,        -0.1,         0.0,         0.0,         0.0,         0.0
"Line.F56"              ,   2,        -0.0,        -0.0
"Line.F57"              ,   1,       429.0,       212.0,         0.0,         0.0,         0.0,         0.0
"Line.F57"              ,   2,      -429.0,      -212.0
"Line.F58"              ,   1,       363.4,       179.4,         0.0,         0.0,         0.0,         0.0
"Line.F58"              ,   2,      -363.4,      -179.4
"Transformer.T24"       ,   1,        49.0,        24.2,         0.0,         0.0,         0.0,         0.0
"Transformer.T24"       ,   2,       -48.6,       -23.5
"Transformer.T25"       ,   1,        65.6,        32.6,         0.0,         0.0,         0.0,         0.0
"Transformer.T25"       ,   2,       -64.8,       -31.4
"Transformer.T26"       ,   1,        65.6,        32.6,         0.0,         0.0,         0.0,         0.0
"Transformer.T26"       ,   2,       -64.8,       -31.4
"Transformer.T27"       ,   1,        49.0,        24.2,         0.0,         0.0,         0.0,         0.0
"Transformer.T27"       ,   2,       -48.6,       -23.5
"Transformer.T28"       ,   1,        65.6,        32.6,         0.0,         0.0,         0.0,         0.0
"Transformer.T28"       ,   2,       -64.8,       -31.4
"Transformer.T29"       ,   1,        14.4,         7.0,         0.0,         0.0,         0.0,         0.0
"Transformer.T29"       ,   2,       -14.4,        -7.0
"Transformer.T30"       ,   1,        39.2,        19.4,         0.0,         0.0,         0.0,         0.0
"Transformer.T30"       ,   2,       -38.9,       -18.8
"Transformer.T31"       ,   1,        57.3,        28.4,         0.0,         0.0,         0.0,         0.0
"Transformer.T31"       ,   2,       -56.7,       -27.5
"Transformer.T32"       ,   1,        57.3,        28.4,         0.0,         0.0,         0.0,         0.0
"Transformer.T32"       ,   2,       -56.7,       -27.5
"Transformer.T33"       ,   1,        49.2,        24.5,         0.0,         0.0,         0.0,         0.0
"Transformer.T33"       ,   2,       -48.6,       -23.5
"Transformer.T34"       ,   1,        49.0,        24.2,         0.0,         0.0,         0.0,         0.0
"Transformer.T34"       ,   2,       -48.6,       -23.5
"Transformer.T35"       ,   1,        14.4,         7.0,         0.0,         0.0,         0.0,         0.0
"Transformer.T35"       ,   2,       -14.4,        -7.0
"Transformer.T36"       ,   1,        39.2,        19.4,         0.0,         0.0,         0.0,         0.0
"Transformer.T36"       ,   2,       -38.9,       -18.8
"Transformer.T37"       ,   1,        65.6,        32.6,         0.0,         0.0,         0.0,         0.0
"Transformer.T37"       ,   2,       -64.8,       -31.4
"Transformer.T38"       ,   1,         5.4,         2.6,         0.0,         0.0,         0.0,         0.0
"Transformer.T38"       ,   2,        -5.4,        -2.6
"Transformer.T39"       ,   1,        65.6,        32.6,         0.0,         0.0,         0.0,         0.0
"Transformer.T39"       ,   2,       -64.8,       -31.4
"Transformer.T40"       ,   1,        65.6,        32.6,         0.0,         0.0,         0.0,         0.0
"Transformer.T40"       ,   2,       -64.8,       -31.4
"Transformer.T41"       ,   1,        28.4,        13.8,         0.0,         0.0,         0.0,         0.0
"Transformer.T41"       ,   2,       -28.4,       -13.7
"Transformer.T42"       ,   1,         9.0,         4.4,         0.0,         0.0,         0.0,         0.0
"Transformer.T42"       ,   2,        -9.0,        -4.4
"Transformer.T43"       ,   1,        18.0,         8.8,         0.0,         0.0,         0.0,         0.0
"Transformer.T43"       ,   2,       -18.0,        -8.7
"Transformer.T44"       ,   1,        57.3,        28.4,         0.0,         0.0,         0.0,         0.0
"Transformer.T44"       ,   2,       -56.7,       -27.5
"Transformer.T45"       ,   1,        65.6,        32.6,         0.0,         0.0,         0.0,         0.0
"Transformer.T45"       ,   2,       -64.8,       -31.4
"Transformer.T46"       ,   1,        14.4,         7.0,         0.0,         0.0,         0.0,         0.0
"Transformer.T46"       ,   2,       -14.4,        -7.0
"Transformer.T47"       ,   1,        14.4,         7.0,         0.0,         0.0,         0.0,         0.0
"Transformer.T47"       ,   2,       -14.4,        -7.0
"Transformer.T48"       ,   1,        25.3,        12.3,         0.0,         0.0,         0.0,         0.0
"Transformer.T48"       ,   2,       -25.2,       -12.2
"Transformer.T49"       ,   1,        25.3,        12.3,         0.0,         0.0,         0.0,         0.0
"Transformer.T49"       ,   2,       -25.2,       -12.2
"Transformer.T50"       ,   1,        65.6,        32.6,         0.0,         0.0,         0.0,         0.0
"Transformer.T50"       ,   2,       -64.8,       -31.4
"Transformer.T51"       ,   1,        11.5,         5.6,         0.0,         0.0,         0.0,         0.0
"Transformer.T51"       ,   2,       -11.5,        -5.6
"Transformer.T52"       ,   1,        98.1,        48.4,         0.0,         0.0,         0.0,         0.0
"Transformer.T52"       ,   2,       -97.2,       -47.1
"Transformer.T53"       ,   1,        21.6,        10.5,         0.0,         0.0,         0.0,         0.0
"Transformer.T53"       ,   2,       -21.6,       -10.5
"Transformer.T54"       ,   1,        65.6,        32.6,         0.0,         0.0,         0.0,         0.0
"Transformer.T54"       ,   2,       -64.8,       -31.4
"Transformer.T55"       ,   1,        98.1,        48.4,         0.0,         0.0,         0.0,         0.0
"Transformer.T55"       ,   2,       -97.2,       -47.1
"Transformer.T56"       ,   1,       154.5,        76.3,         0.0,         0.0,         0.0,         0.0
"Transformer.T56"       ,   2,      -153.1,       -74.1
"Transformer.T57"       ,   1,        81.6,        40.2,         0.0,         0.0,         0.0,         0.0
"Transformer.T57"       ,   2,       -81.0,       -39.2
"Transformer.T58"       ,   1,        65.6,        32.6,         0.0,         0.0,         0.0,         0.0
"Transformer.T58"       ,   2,       -64.8,       -31.4
"Transformer.T59"       ,   1,         0.0,         0.0,         0.0,         0.0,         0.0,         0.0
"Transformer.T59"       ,   2,        -0.0,        -0.0
"Transformer.T61"       ,   1,        65.6,        32.6,         0.0,         0.0,         0.0,         0.0
"Transformer.T61"       ,   2,       -64.8,       -31.4
"Transformer.T62"       ,   1,        49.0,        24.2,         0.0,         0.0,         0.0,         0.0
"Transformer.T62"       ,   2,       -48.6,       -23.5
"Line.KF01"             ,   1,      1506.3,       743.2,         0.0,         0.0,         0.0,         0.0
"Line.KF01"             ,   2,     -1504.8,      -742.3
"Line.KF02"             ,   1,         0.0,        -0.0,         0.0,         0.0,         0.0,         0.0
"Line.KF02"             ,   2,        -0.0,        -0.0
"Line.KF03"             ,   1,      1504.8,       742.3,         0.0,         0.0,         0.0,         0.0
"Line.KF03"             ,   2,     -1504.6,      -742.2
"Line.KF04"             ,   1,      1455.6,       718.0,         0.0,         0.0,         0.0,         0.0
"Line.KF04"             ,   2,     -1454.2,      -717.1
"Line.KF05"             ,   1,      1421.6,       701.1,         0.0,         0.0,         0.0,         0.0
"Line.KF05"             ,   2,     -1420.9,      -700.8
"Line.KF06"             ,   1,      1413.7,       697.2,         0.0,         0.0,         0.0,         0.0
"Line.KF06"             ,   2,     -1413.2,      -696.9
"Line.KF07"             ,   1,      1413.2,       696.9,         0.0,         0.0,         0.0,         0.0
"Line.KF07"             ,   2,     -1412.4,      -696.5
"Line.KF08"             ,   1,        19.3,         9.3,         0.0,         0.0,         0.0,         0.0
"Line.KF08"             ,   2,       -19.3,        -9.3
"Line.KF09"             ,   1,         2.9,         1.4,         0.0,         0.0,         0.0,         0.0
"Line.KF09"             ,   2,        -2.9,        -1.4
"Line.KF10"             ,   1,       -11.6,        -5.6,         0.0,         0.0,         0.0,         0.0
"Line.KF10"             ,   2,        11.6,         5.6
"Line.KF11"             ,   1,       682.7,       336.6,         0.0,         0.0,         0.0,         0.0
"Line.KF11"             ,   2,      -682.7,      -336.5
"Line.KF12"             ,   1,       682.7,       336.5,         0.0,         0.0,         0.0,         0.0
"Line.KF12"             ,   2,      -682.4,      -336.4
"Line.KF13"             ,   1,       698.8,       345.0,         0.0,         0.0,         0.0,         0.0
"Line.KF13"             ,   2,      -698.5,      -344.9
"Line.KF14"             ,   1,       477.5,       236.0,         0.0,         0.0,         0.0,         0.0
"Line.KF14"             ,   2,      -477.5,      -236.0
"Line.KF15"             ,   1,       431.7,       213.3,         0.0,         0.0,         0.0,         0.0
"Line.KF15"             ,   2,      -431.6,      -213.3
"Line.KF16"             ,   1,        -0.0,        -0.0,         0.0,         0.0,         0.0,         0.0
"Line.KF16"             ,   2,         0.0,         0.0
"Line.KF17"             ,   1,        65.6,        32.6,         0.0,         0.0,         0.0,         0.0
"Line.KF17"             ,   2,       -65.6,       -32.6
"Line.KF18"             ,   1,       366.0,       180.7,         0.0,         0.0,         0.0,         0.0
"Line.KF18"             ,   2,      -366.0,      -180.7
"Line.KF19"             ,   1,       267.9,       132.3,         0.0,         0.0,         0.0,         0.0
"Line.KF19"             ,   2,      -267.9,      -132.3
"Line.KF20"             ,   1,       169.9,        83.8,         0.0,         0.0,         0.0,         0.0
"Line.KF20"             ,   2,      -169.9,       -83.9
"Line.KF21"             ,   1,       117.4,        57.8,         0.0,         0.0,         0.0,         0.0
"Line.KF21"             ,   2,      -117.4,       -57.9
"Line.KF22"             ,   1,       921.1,       454.9,         0.0,         0.0,         0.0,         0.0
"Line.KF22"             ,   2,      -920.6,      -454.6
"Line.KF23"             ,   1,       863.3,       426.2,         0.0,         0.0,         0.0,         0.0
"Line.KF23"             ,   2,      -862.8,      -426.0
"Line.KF24"             ,   1,       298.7,       147.8,         0.0,         0.0,         0.0,         0.0
"Line.KF24"             ,   2,      -298.7,      -147.8
"Line.KF25"             ,   1,       564.0,       278.2,         0.0,         0.0,         0.0,         0.0
"Line.KF25"             ,   2,      -563.9,      -278.1
"Line.KF26"             ,   1,       535.3,       263.9,         0.0,         0.0,         0.0,         0.0
"Line.KF26"             ,   2,      -535.2,      -263.9
"Line.KF27"             ,   1,       437.1,       215.5,         0.0,         0.0,         0.0,         0.0
"Line.KF27"             ,   2,      -437.0,      -215.5
"Line.KF28"             ,   1,       384.6,       189.4,         0.0,         0.0,         0.0,         0.0
"Line.KF28"             ,   2,      -384.6,      -189.4
"Line.KF29"             ,   1,         0.0,        -0.0,         0.0,         0.0,         0.0,         0.0
"Line.KF29"             ,   2,        -0.0,         0.0
"Line.KF30"             ,   1,       233.1,       115.2,         0.0,         0.0,         0.0,         0.0
"Line.KF30"             ,   2,      -233.1,      -115.2
"Line.KF31"             ,   1,       204.5,       101.0,         0.0,         0.0,         0.0,         0.0
"Line.KF31"             ,   2,      -204.4,      -101.1
"Line.KF32"             ,   1,       138.9,        68.5,         0.0,         0.0,         0.0,         0.0
"Line.KF32"             ,   2,      -138.9,       -68.5
"Line.KF33"             ,   1,        98.1,        48.4,         0.0,         0.0,         0.0,         0.0
"Line.KF33"             ,   2,       -98.1,       -48.4
"Line.KF34"             ,   1,         0.0,        -0.0,         0.0,         0.0,         0.0,         0.0
"Line.KF34"             ,   2,        -0.0,        -0.0
"Line.KF35"             ,   1,       384.6,       189.4,         0.0,         0.0,         0.0,         0.0
"Line.KF35"             ,   2,      -384.5,      -189.4
"Line.KF36"             ,   1,       351.7,       173.1,         0.0,         0.0,         0.0,         0.0
"Line.KF36"             ,   2,      -351.7,      -173.1
"Line.KF37"             ,   1,       300.3,       147.9,         0.0,         0.0,         0.0,         0.0
"Line.KF37"             ,   2,      -300.3,      -147.9
"Line.KF38"             ,   1,       300.3,       147.9,         0.0,         0.0,         0.0,         0.0
"Line.KF38"             ,   2,      -300.3,      -148.0
"Line.KF39"             ,   1,         0.0,        -0.0,         0.0,         0.0,         0.0,         0.0
"Line.KF39"             ,   2,         0.0,        -0.0
"Line.KF40"             ,   1,       171.8,        84.7,         0.0,         0.0,         0.0,         0.0
"Line.KF40"             ,   2,      -171.8,       -84.7
"Line.KF41"             ,   1,       171.8,        84.7,         0.0,         0.0,         0.0,         0.0
"Line.KF41"             ,   2,      -171.7,       -84.7
"Line.KF42"             ,   1,         0.0,         0.0,         0.0,         0.0,         0.0,         0.0
"Line.KF42"             ,   2,        -0.0,        -0.0
"Line.KF43"             ,   1,       131.2,        65.0,         0.0,         0.0,         0.0,         0.0
"Line.KF43"             ,   2,      -131.2,       -65.0
"Line.KF44"             ,   1,       131.2,        65.0,         0.0,         0.0,         0.0,         0.0
"Line.KF44"             ,   2,      -131.2,       -65.1
"Line.KF45"             ,   1,        65.6,        32.5,         0.0,         0.0,         0.0,         0.0
"Line.KF45"             ,   2,       -65.6,       -32.5
"Line.KF46"             ,   1,         0.0,        -0.1,         0.0,         0.0,         0.0,         0.0
"Line.KF46"             ,   2,        -0.0,        -0.0
"Line.KF47"             ,   1,      -803.7,      -397.0,         0.0,         0.0,         0.0,         0.0
"Line.KF47"             ,   2,       803.9,       397.1
"Line.KF48"             ,   1,      -869.4,      -429.7,         0.0,         0.0,         0.0,         0.0
"Line.KF48"             ,   2,       869.6,       429.8
"Line.KF49"             ,   1,        -0.0,        -0.0,         0.0,         0.0,         0.0,         0.0
"Line.KF49"             ,   2,        -0.0,        -0.0
"Line.KF50"             ,   1,      -161.1,       -79.5,         0.0,         0.0,         0.0,         0.0
"Line.KF50"             ,   2,       161.1,        79.5
"Line.KF51"             ,   1,      -171.9,       -84.7,         0.0,         0.0,         0.0,         0.0
"Line.KF51"             ,   2,       171.9,        84.7
"Line.KF52"             ,   1,      -221.0,      -108.9,         0.0,         0.0,         0.0,         0.0
"Line.KF52"             ,   2,       221.0,       108.9
"Line.KF53"             ,   1,        40.6,        19.7,         0.0,         0.0,         0.0,         0.0
"Line.KF53"             ,   2,       -40.6,       -19.7
"Transformer.T63"       ,   1,        49.0,        24.2,         0.0,         0.0,         0.0,         0.0
"Transformer.T63"       ,   2,       -48.6,       -23.5
"Transformer.T65"       ,   1,         7.2,         3.5,         0.0,         0.0,         0.0,         0.0
"Transformer.T65"       ,   2,        -7.2,        -3.5
"Transformer.T66"       ,   1,        45.8,        22.7,         0.0,         0.0,         0.0,         0.0
"Transformer.T66"       ,   2,       -45.4,       -22.0
"Transformer.T67"       ,   1,        49.0,        24.2,         0.0,         0.0,         0.0,         0.0
"Transformer.T67"       ,   2,       -48.6,       -23.5
"Transformer.T68"       ,   1,        32.6,        16.0,         0.0,         0.0,         0.0,         0.0
"Transformer.T68"       ,   2,       -32.4,       -15.7
"Transformer.T69"       ,   1,        65.6,        32.6,         0.0,         0.0,         0.0,         0.0
"Transformer.T69"       ,   2,       -64.8,       -31.4
"Transformer.T70"       ,   1,        65.6,        32.6,         0.0,         0.0,         0.0,         0.0
"Transformer.T70"       ,   2,       -64.8,       -31.4
"Transformer.T71"       ,   1,        98.1,        48.4,         0.0,         0.0,         0.0,         0.0
"Transformer.T71"       ,   2,       -97.2,       -47.1
"Transformer.T72"       ,   1,        98.1,        48.4,         0.0,         0.0,         0.0,         0.0
"Transformer.T72"       ,   2,       -97.2,       -47.1
"Transformer.T73"       ,   1,        52.5,        26.1,         0.0,         0.0,         0.0,         0.0
"Transformer.T73"       ,   2,       -51.8,       -25.1
"Transformer.T74"       ,   1,        57.3,        28.4,         0.0,         0.0,         0.0,         0.0
"Transformer.T74"       ,   2,       -56.7,       -27.5
"Transformer.T75"       ,   1,        65.6,        32.6,         0.0,         0.0,         0.0,         0.0
"Transformer.T75"       ,   2,       -64.8,       -31.4
"Transformer.T76"       ,   1,        28.6,        14.2,         0.0,         0.0,         0.0,         0.0
"Transformer.T76"       ,   2,       -28.4,       -13.7
"Transformer.T77"       ,   1,        98.1,        48.4,         0.0,         0.0,         0.0,         0.0
"Transformer.T77"       ,   2,       -97.2,       -47.1
"Transformer.T78"       ,   1,        65.6,        32.6,         0.0,         0.0,         0.0,         0.0
"Transformer.T78"       ,   2,       -64.8,       -31.4
"Transformer.T79"       ,   1,        40.8,        20.1,         0.0,         0.0,         0.0,         0.0
"Transformer.T79"       ,   2,       -40.5,       -19.6
"Transformer.T80"       ,   1,        28.6,        14.2,         0.0,         0.0,         0.0,         0.0
"Transformer.T80"       ,   2,       -28.4,       -13.7
"Transformer.T81"       ,   1,        98.1,        48.4,         0.0,         0.0,         0.0,         0.0
"Transformer.T81"       ,   2,       -97.2,       -47.1
"Transformer.T82"       ,   1,        52.5,        26.1,         0.0,         0.0,         0.0,         0.0
"Transformer.T82"       ,   2,       -51.8,       -25.1
"Transformer.T83"       ,   1,        32.8,        16.3,         0.0,         0.0,         0.0,         0.0
"Transformer.T83"       ,   2,       -32.4,       -15.7
"Transformer.T84"       ,   1,        51.3,        25.2,         0.0,         0.0,         0.0,         0.0
"Transformer.T84"       ,   2,       -51.0,       -24.7
"Transformer.T85"       ,   1,       128.5,        63.3,         0.0,         0.0,         0.0,         0.0
"Transformer.T85"       ,   2,      -127.6,       -61.8
"Transformer.T86"       ,   1,        14.4,         7.0,         0.0,         0.0,         0.0,         0.0
"Transformer.T86"       ,   2,       -14.4,        -7.0
"Transformer.T87"       ,   1,        65.6,        32.6,         0.0,         0.0,         0.0,         0.0
"Transformer.T87"       ,   2,       -64.8,       -31.4
"Transformer.T88"       ,   1,        65.6,        32.6,         0.0,         0.0,         0.0,         0.0
"Transformer.T88"       ,   2,       -64.8,       -31.4
"Transformer.T89"       ,   1,        40.6,        19.7,         0.0,         0.0,         0.0,         0.0
"Transformer.T89"       ,   2,       -40.5,       -19.6
"Transformer.T90"       ,   1,        16.4,         8.0,         0.0,         0.0,         0.0,         0.0
"Transformer.T90"       ,   2,       -16.4,        -7.9
"Transformer.T91"       ,   1,        10.8,         5.3,         0.0,         0.0,         0.0,         0.0
"Transformer.T91"       ,   2,       -10.8,        -5.2
"Line.FF01"             ,   1,      1180.9,       582.7,         0.0,         0.0,         0.0,         0.0
"Line.FF01"             ,   2,     -1179.5,      -581.9
"Line.FF02"             ,   1,      1122.2,       553.5,         0.0,         0.0,         0.0,         0.0
"Line.FF02"             ,   2,     -1121.2,      -553.0
"Line.FF03"             ,   1,      1121.2,       553.0,         0.0,         0.0,         0.0,         0.0
"Line.FF03"             ,   2,     -1119.2,      -551.8
"Line.FF04"             ,   1,         0.0,        -0.1,         0.0,         0.0,         0.0,         0.0
"Line.FF04"             ,   2,        -0.0,         0.0
"Line.FF05"             ,   1,       708.7,       350.3,         0.0,         0.0,         0.0,         0.0
"Line.FF05"             ,   2,      -708.5,      -350.3
"Line.FF06"             ,   1,      1093.0,       538.0,         0.0,         0.0,         0.0,         0.0
"Line.FF06"             ,   2,     -1093.0,      -538.0
"Line.FF07"             ,   1,      1043.9,       513.8,         0.0,         0.0,         0.0,         0.0
"Line.FF07"             ,   2,     -1043.3,      -513.4
"Line.FF08"             ,   1,        20.8,         9.8,         0.0,         0.0,         0.0,         0.0
"Line.FF08"             ,   2,       -20.8,        -9.8
"Line.FF09"             ,   1,         6.3,         2.8,         0.0,         0.0,         0.0,         0.0
"Line.FF09"             ,   2,        -6.3,        -2.9
"Line.FF10"             ,   1,         0.0,        -0.2,         0.0,         0.0,         0.0,         0.0
"Line.FF10"             ,   2,        -0.0,         0.0
"Line.FF11"             ,   1,      1022.6,       503.7,         0.0,         0.0,         0.0,         0.0
"Line.FF11"             ,   2,     -1022.3,      -503.5
"Line.FF12"             ,   1,       973.2,       479.3,         0.0,         0.0,         0.0,         0.0
"Line.FF12"             ,   2,      -973.0,      -479.1
"Line.FF13"             ,   1,       973.0,       479.1,         0.0,         0.0,         0.0,         0.0
"Line.FF13"             ,   2,      -972.8,      -479.0
"Line.FF14"             ,   1,       907.2,       446.5,         0.0,         0.0,         0.0,         0.0
"Line.FF14"             ,   2,      -907.2,      -446.5
"Line.FF15"             ,   1,       809.1,       398.1,         0.0,         0.0,         0.0,         0.0
"Line.FF15"             ,   2,      -809.1,      -398.0
"Line.FF16"             ,   1,       751.8,       369.7,         0.0,         0.0,         0.0,         0.0
"Line.FF16"             ,   2,      -751.6,      -369.5
"Line.FF17"             ,   1,       702.5,       345.3,         0.0,         0.0,         0.0,         0.0
"Line.FF17"             ,   2,      -702.1,      -345.1
"Line.FF18"             ,   1,       677.6,       333.0,         0.0,         0.0,         0.0,         0.0
"Line.FF18"             ,   2,      -677.6,      -333.0
"Line.FF19"             ,   1,        -0.0,        -0.0,         0.0,         0.0,         0.0,         0.0
"Line.FF19"             ,   2,        -0.0,         0.0
"Line.FF20"             ,   1,       677.6,       333.0,         0.0,         0.0,         0.0,         0.0
"Line.FF20"             ,   2,      -677.1,      -332.8
"Line.FF21"             ,   1,       670.8,       329.8,         0.0,         0.0,         0.0,         0.0
"Line.FF21"             ,   2,      -670.6,      -329.7
"Line.FF22"             ,   1,       646.1,       317.6,         0.0,         0.0,         0.0,         0.0
"Line.FF22"             ,   2,      -645.9,      -317.5
"Line.FF23"             ,   1,       636.9,       313.1,         0.0,         0.0,         0.0,         0.0
"Line.FF23"             ,   2,      -636.7,      -313.0
"Line.FF24"             ,   1,       571.1,       280.4,         0.0,         0.0,         0.0,         0.0
"Line.FF24"             ,   2,      -571.0,      -280.4
"Line.FF25"             ,   1,        42.4,        20.4,         0.0,         0.0,         0.0,         0.0
"Line.FF25"             ,   2,       -42.4,       -20.4
"Line.FF26"             ,   1,        30.9,        14.8,         0.0,         0.0,         0.0,         0.0
"Line.FF26"             ,   2,       -30.9,       -14.9
"Line.FF27"             ,   1,        15.4,         7.5,         0.0,         0.0,         0.0,         0.0
"Line.FF27"             ,   2,       -15.4,        -7.6
"Line.FF28"             ,   1,        15.4,         7.4,         0.0,         0.0,         0.0,         0.0
"Line.FF28"             ,   2,       -15.4,        -7.6
"Line.FF29"             ,   1,        15.4,         7.6,         0.0,         0.0,         0.0,         0.0
"Line.FF29"             ,   2,       -15.4,        -7.6
"Line.FF30"             ,   1,        65.6,        32.5,         0.0,         0.0,         0.0,         0.0
"Line.FF30"             ,   2,       -65.6,       -32.5
"Line.FF31"             ,   1,         0.0,        -0.1,         0.0,         0.0,         0.0,         0.0
"Line.FF31"             ,   2,        -0.0,        -0.0
"Line.FF32"             ,   1,       463.0,       227.5,         0.0,         0.0,         0.0,         0.0
"Line.FF32"             ,   2,      -463.0,      -227.5
"Line.FF33"             ,   1,       455.7,       224.0,         0.0,         0.0,         0.0,         0.0
"Line.FF33"             ,   2,      -455.5,      -224.0
"Line.FF34"             ,   1,       324.8,       159.8,         0.0,         0.0,         0.0,         0.0
"Line.FF34"             ,   2,      -324.8,      -159.8
"Line.FF35"             ,   1,       243.2,       119.6,         0.0,         0.0,         0.0,         0.0
"Line.FF35"             ,   2,      -243.2,      -119.6
"Line.FF36"             ,   1,       236.9,       116.6,         0.0,         0.0,         0.0,         0.0
"Line.FF36"             ,   2,      -236.9,      -116.6
"Line.FF37"             ,   1,       138.8,        68.1,         0.0,         0.0,         0.0,         0.0
"Line.FF37"             ,   2,      -138.8,       -68.1
"Line.FF38"             ,   1,        40.7,        19.7,         0.0,         0.0,         0.0,         0.0
"Line.FF38"             ,   2,       -40.7,       -19.7
"Line.FF39"             ,   1,        40.7,        19.7,         0.0,         0.0,         0.0,         0.0
"Line.FF39"             ,   2,       -40.7,       -19.9
"Line.FF40"             ,   1,        16.2,         7.8,         0.0,         0.0,         0.0,         0.0
"Line.FF40"             ,   2,       -16.2,        -7.9
"Line.FF41"             ,   1,        24.5,        12.1,         0.0,         0.0,         0.0,         0.0
"Line.FF41"             ,   2,       -24.5,       -12.1
"Line.FF42"             ,   1,         5.4,         2.6,         0.0,         0.0,         0.0,         0.0
"Line.FF42"             ,   2,        -5.4,        -2.6
"Line.FF43"             ,   1,       103.9,        51.1,         0.0,         0.0,         0.0,         0.0
"Line.FF43"             ,   2,      -103.9,       -51.1
"Line.FF44"             ,   1,        22.3,        10.9,         0.0,         0.0,         0.0,         0.0
"Line.FF44"             ,   2,       -22.3,       -11.0
"Line.FF45"             ,   1,       -26.8,       -13.3,         0.0,         0.0,         0.0,         0.0
"Line.FF45"             ,   2,        26.8,        13.2
"Line.FF46"             ,   1,       -26.8,       -13.2,         0.0,         0.0,         0.0,         0.0
"Line.FF46"             ,   2,        26.8,        13.1
"Line.FF47"             ,   1,        65.6,        32.5,         0.0,         0.0,         0.0,         0.0
"Line.FF47"             ,   2,       -65.6,       -32.6
"Transformer.T_HAVELI_PANCHAYAT",   1,        57.3,        28.4,         0.0,         0.0,         0.0,         0.0
"Transformer.T_HAVELI_PANCHAYAT",   2,       -56.7,       -27.5
"Transformer.T93"       ,   1,        49.0,        24.2,         0.0,         0.0,         0.0,         0.0
"Transformer.T93"       ,   2,       -48.6,       -23.5
"Transformer.T94"       ,   1,        98.1,        48.4,         0.0,         0.0,         0.0,         0.0
"Transformer.T94"       ,   2,       -97.2,       -47.1
"Transformer.T95"       ,   1,        57.3,        28.4,         0.0,         0.0,         0.0,         0.0
"Transformer.T95"       ,   2,       -56.7,       -27.5
"Transformer.T96"       ,   1,        49.0,        24.2,         0.0,         0.0,         0.0,         0.0
"Transformer.T96"       ,   2,       -48.6,       -23.5
"Transformer.T97"       ,   1,        24.5,        12.1,         0.0,         0.0,         0.0,         0.0
"Transformer.T97"       ,   2,       -24.3,       -11.8
"Transformer.T98"       ,   1,         6.3,         3.1,         0.0,         0.0,         0.0,         0.0
"Transformer.T98"       ,   2,        -6.3,        -3.1
"Transformer.T99"       ,   1,        24.5,        12.1,         0.0,         0.0,         0.0,         0.0
"Transformer.T99"       ,   2,       -24.3,       -11.8
"Transformer.T100"      ,   1,         9.0,         4.4,         0.0,         0.0,         0.0,         0.0
"Transformer.T100"      ,   2,        -9.0,        -4.4
"Transformer.T101"      ,   1,        65.6,        32.6,         0.0,         0.0,         0.0,         0.0
"Transformer.T101"      ,   2,       -64.8,       -31.4
"Transformer.T102"      ,   1,        65.6,        32.6,         0.0,         0.0,         0.0,         0.0
"Transformer.T102"      ,   2,       -64.8,       -31.4
"Transformer.T103"      ,   1,         7.2,         3.5,         0.0,         0.0,         0.0,         0.0
"Transformer.T103"      ,   2,        -7.2,        -3.5
"Transformer.T104"      ,   1,        11.5,         5.6,         0.0,         0.0,         0.0,         0.0
"Transformer.T104"      ,   2,       -11.5,        -5.6
"Transformer.T105"      ,   1,         6.3,         3.1,         0.0,         0.0,         0.0,         0.0
"Transformer.T105"      ,   2,        -6.3,        -3.1
"Transformer.T106"      ,   1,        81.6,        40.2,         0.0,         0.0,         0.0,         0.0
"Transformer.T106"      ,   2,       -81.0,       -39.2
"Transformer.T107"      ,   1,        49.0,        24.2,         0.0,         0.0,         0.0,         0.0
"Transformer.T107"      ,   2,       -48.6,       -23.5
"Transformer.T108"      ,   1,        81.6,        40.2,         0.0,         0.0,         0.0,         0.0
"Transformer.T108"      ,   2,       -81.0,       -39.2
"Transformer.T109"      ,   1,        98.1,        48.4,         0.0,         0.0,         0.0,         0.0
"Transformer.T109"      ,   2,       -97.2,       -47.1
"Transformer.T110"      ,   1,        98.1,        48.4,         0.0,         0.0,         0.0,         0.0
"Transformer.T110"      ,   2,       -97.2,       -47.1
"Transformer.T111"      ,   1,        24.5,        12.1,         0.0,         0.0,         0.0,         0.0
"Transformer.T111"      ,   2,       -24.3,       -11.8
"Transformer.T112"      ,   1,        15.4,         7.6,         0.0,         0.0,         0.0,         0.0
"Transformer.T112"      ,   2,       -15.3,        -7.4
"Transformer.T113"      ,   1,        15.4,         7.6,         0.0,         0.0,         0.0,         0.0
"Transformer.T113"      ,   2,       -15.3,        -7.4
"Transformer.T114"      ,   1,        10.8,         5.3,         0.0,         0.0,         0.0,         0.0
"Transformer.T114"      ,   2,       -10.8,        -5.2
"Transformer.T116"      ,   1,         5.4,         2.6,         0.0,         0.0,         0.0,         0.0
"Transformer.T116"      ,   2,        -5.4,        -2.6
"Transformer.T117"      ,   1,         6.3,         3.1,         0.0,         0.0,         0.0,         0.0
"Transformer.T117"      ,   2,        -6.3,        -3.1
"Transformer.T118"      ,   1,        14.4,         7.0,         0.0,         0.0,         0.0,         0.0
"Transformer.T118"      ,   2,       -14.4,        -7.0
"Transformer.T119"      ,   1,        65.6,        32.6,         0.0,         0.0,         0.0,         0.0
"Transformer.T119"      ,   2,       -64.8,       -31.4
"Transformer.T120"      ,   1,        49.0,        24.2,         0.0,         0.0,         0.0,         0.0
"Transformer.T120"      ,   2,       -48.6,       -23.5
"Load.DEMPO_DTC"        ,   1,         5.2,         2.5
"Load.RB_ENGG"          ,   1,         4.4,         2.2
"Load.SEWERAGE"         ,   1,         5.8,         2.9
"Load.RPRS_SCHOOL"      ,   1,         6.2,         3.0
"Load.LD_MGSCHOOL"      ,   1,         9.9,         4.8
"Load.LD_SHAMRAO"       ,   1,        10.8,         5.2
"Load.RAJENDRA_TALAK"   ,   1,         3.8,         1.8
"Load.RITESH_DEVELOPERS",   1,         5.9,         2.9
"Load.FORENSIC"         ,   1,        14.4,         7.0
"Load.FIBERGLASS"       ,   1,         6.3,         3.1
"Load.YUMMY"            ,   1,         7.2,         3.5
"Load.KAPAT_FACTORY"    ,   1,         7.2,         3.5
"Load.KV_SCHOOL"        ,   1,        11.5,         5.6
"Load.ECAP_HTC"         ,   1,        72.0,        34.9
"Load.AGARWAL_HTC"      ,   1,        90.0,        43.6
"Load.DAIRY_HTC"        ,   1,        36.0,        17.4
"Load.MICROWAVE"        ,   1,        10.1,         4.9
"Load.ASSOCIATE"        ,   1,        25.2,        12.2
"Load.COMMERTIAL_TAX"   ,   1,        14.4,         7.0
"Load.CANARA_BANK"      ,   1,        14.4,         7.0
"Load.SUPER_MARKET"     ,   1,         5.4,         2.6
"Load.KAMAT_AVR"        ,   1,        28.4,        13.7
"Load.BSNL_INTERNAL"    ,   1,         9.0,         4.4
"Load.KANIR_CONST"      ,   1,        18.0,         8.7
"Load.POLICE_STATION"   ,   1,        14.4,         7.0
"Load.GOA_STATE_BANK"   ,   1,        14.4,         7.0
"Load.RAJDEEP_MALL_1"   ,   1,        25.2,        12.2
"Load.RAJDEEP_MALL_2"   ,   1,        25.2,        12.2
"Load.MAMLATDAR"        ,   1,        11.5,         5.6
"Load.PWD_OFFICE"       ,   1,        21.6,        10.5
"Load.USMANIA"          ,   1,         7.2,         3.5
"Load.SPORTS_COMPLEX"   ,   1,        14.4,         7.0
"Load.SEWERAGE_HTC_K"   ,   1,        40.5,        19.6
"Load.SPORTS_C_HTC"     ,   1,        16.4,         7.9
"Load.SUNGRACE_HTC"     ,   1,        10.8,         5.2
"Load.GVMS_COLLEGE"     ,   1,         6.3,         3.1
"Load.IMA"              ,   1,         9.0,         4.4
"Load.GTDC_TOURIST"     ,   1,         7.2,         3.5
"Load.PES_COLLEGE"      ,   1,        11.5,         5.6
"Load.SUNRISE_CASHEW"   ,   1,         6.3,         3.1
"Load.NIT_INSTITUTE"    ,   1,        10.8,         5.2
"Load.ITI_INSTITUTE"    ,   1,         5.4,         2.6
"Load.CHIRPUTEM_SCHOOL" ,   1,         6.3,         3.1
"Load.RTO_OFFICE"       ,   1,        14.4,         7.0
"Load.RAM_MANDIR"       ,   1,        48.6,        23.5
"Load.UNDIR_BAKALE"     ,   1,        48.6,        23.5
"Load.MULEBHAT"         ,   1,        52.7,        25.5
"Load.MARUTI_TEMPLE"    ,   1,        44.6,        21.6
"Load.CHIKALI"          ,   1,        40.5,        19.6
"Load.ADPAI"            ,   1,        64.8,        31.4
"Load.DURBHAT"          ,   1,        64.8,        31.4
"Load.KASWADA"          ,   1,        60.8,        29.4
"Load.LONDIYAR_WADEM"   ,   1,        64.8,        31.4
"Load.NEW_TALAULIM"     ,   1,        24.6,        12.1
"Load.WADI"             ,   1,        44.6,        21.6
"Load.TALAULIM"         ,   1,        40.5,        19.6
"Load.MAHALAKSHMI_NAGAR",   1,        64.8,        31.4
"Load.PAUNWADA"         ,   1,        48.6,        23.5
"Load.KAVLE_MATH"       ,   1,        22.8,        11.3
"Load.SHANTADURGA_OLD"  ,   1,        19.1,         9.1
"Load.SANATAN_1"        ,   1,        48.6,        23.5
"Load.RAMNATHI_DEV"     ,   1,        24.1,        11.5
"Load.SHANTADURGA_NEW"  ,   1,        89.1,        43.2
"Load.GALSHIRE"         ,   1,        64.8,        31.4
"Load.PERIGOL"          ,   1,       129.6,        62.8
"Load.MANMOHAN_SINGH"   ,   1,        48.6,        23.5
"Load.DHUMRE"           ,   1,        64.8,        31.4
"Load.KAPILESHWARI"     ,   1,        48.6,        23.5
"Load.MATRUCHAYA"       ,   1,        40.5,        19.6
"Load.VAMNESHWAR"       ,   1,        48.6,        23.5
"Load.LD_BANDORAPANCH"  ,   1,        48.6,        23.5
"Load.LD_SNEHMANDIR"    ,   1,        44.6,        21.6
"Load.LD_RAIGINI"       ,   1,        48.6,        23.5
"Load.LD_NAGESHITEMPLE" ,   1,        44.6,        21.6
"Load.LD_DHONSHI"       ,   1,        56.7,        27.5
"Load.LD_AGRASHALA"     ,   1,        40.5,        19.6
"Load.LD_HINDUJAN"      ,   1,        56.7,        27.5
"Load.LD_MAHALAXMI"     ,   1,        64.8,        31.4
"Load.LD_PEARL"         ,   1,        40.5,        19.6
"Load.LD_KUNAL"         ,   1,        44.6,        21.6
"Load.LD_KONARGAUNEM"   ,   1,        40.5,        19.6
"Load.LD_CHAFERAN"      ,   1,        52.7,        25.5
"Load.LD_SHIGUMOMAND"   ,   1,        56.7,        27.5
"Load.DAIRY_OLD"        ,   1,        64.8,        31.4
"Load.DADA_VAIDHYA"     ,   1,        36.5,        17.7
"Load.KAYJI_GARDEN"     ,   1,        48.6,        23.5
"Load.SHIVLAL"          ,   1,        24.3,        11.8
"Load.PRAKASH"          ,   1,        32.4,        15.7
"Load.KAYJI_SKYLINE"    ,   1,       129.6,        62.8
"Load.RUDRA_DEVELOPER"  ,   1,        51.8,        25.1
"Load.KORDE"            ,   1,        20.3,         9.8
"Load.KELBAI"           ,   1,        24.3,        11.8
"Load.DOCTOR_BHAKALE"   ,   1,        38.9,        18.8
"Load.SURYA_MASALA"     ,   1,        64.8,        31.4
"Load.PISGAL"           ,   1,        45.4,        22.0
"Load.VEREKAR_1"        ,   1,        56.7,        27.5
"Load.GOLDEN_NEST"      ,   1,        48.6,        23.5
"Load.SUREKHA_PARKAR"   ,   1,        64.8,        31.4
"Load.NAGZAR"           ,   1,        64.8,        31.4
"Load.SARTHAK_NEST"     ,   1,        48.6,        23.5
"Load.PROGRESS"         ,   1,        64.8,        31.4
"Load.PANDITWADA"       ,   1,        38.9,        18.8
"Load.VEREKAR_2"        ,   1,        56.7,        27.5
"Load.BANDODKAR"        ,   1,        56.7,        27.5
"Load.KAZIWADA"         ,   1,        48.6,        23.5
"Load.SADASHIV_TWIN_T"  ,   1,        48.6,        23.5
"Load.KURTARKAR_ARCADE" ,   1,        38.9,        18.8
"Load.BHOSLE"           ,   1,        64.8,        31.4
"Load.DK_ARCADE"        ,   1,        64.8,        31.4
"Load.COELO"            ,   1,        64.8,        31.4
"Load.SUMIT_SHIVAM"     ,   1,        56.7,        27.5
"Load.KALPANA"          ,   1,        64.8,        31.4
"Load.AIESHA"           ,   1,        64.8,        31.4
"Load.TARANGAN_I"       ,   1,        97.2,        47.1
"Load.RAJMUDRA_I"       ,   1,        64.8,        31.4
"Load.RAJMUDRA_II"      ,   1,        97.2,        47.1
"Load.RAJ_DURGA"        ,   1,       153.1,        74.1
"Load.SUMIT_PLUMERIA"   ,   1,        81.0,        39.2
"Load.DAAG"             ,   1,        64.8,        31.4
"Load.RATNADEEP_APT"    ,   1,        64.8,        31.4
"Load.TWIN_TOWER"       ,   1,        48.6,        23.5
"Load.COLONY"           ,   1,        48.6,        23.5
"Load.VARKHANDE"        ,   1,        45.4,        22.0
"Load.VRUNDHAVAN_GDN"   ,   1,        48.6,        23.5
"Load.NAGA_MASJID_NEW"  ,   1,        32.4,        15.7
"Load.ANGARKI"          ,   1,        64.8,        31.4
"Load.GANGANATH"        ,   1,        64.8,        31.4
"Load.HERITAGE_I"       ,   1,        97.2,        47.1
"Load.HERITAGE_II"      ,   1,        97.2,        47.1
"Load.ALMEDA"           ,   1,        51.8,        25.1
"Load.PATIL"            ,   1,        56.7,        27.5
"Load.PUROHIT"          ,   1,        64.8,        31.4
"Load.BHARDWAJ"         ,   1,        28.4,        13.7
"Load.MAHALAXMI_DEV"    ,   1,        97.2,        47.1
"Load.KEDAR"            ,   1,        64.8,        31.4
"Load.DESSAI_SANTOBA"   ,   1,        40.5,        19.6
"Load.RANI_CONST"       ,   1,        28.4,        13.7
"Load.MAHARUDRA"        ,   1,        97.2,        47.1
"Load.RAVINAGAR"        ,   1,        51.8,        25.1
"Load.FRIENDS_COLONY"   ,   1,        32.4,        15.7
"Load.KHADPABANDH_G2"   ,   1,        51.0,        24.7
"Load.KHADPABANDH_G1"   ,   1,       127.6,        61.8
"Load.BHAGWATI_I"       ,   1,        64.8,        31.4
"Load.BHAGWATI_II"      ,   1,        64.8,        31.4
"Load.HAVELI_PANCHAYAT" ,   1,        56.7,        27.5
"Load.SHAPUR"           ,   1,        48.6,        23.5
"Load.AMBEGAL"          ,   1,        97.2,        47.1
"Load.PATANTALI"        ,   1,        56.7,        27.5
"Load.PANAKAJ_BUILDERS" ,   1,        48.6,        23.5
"Load.KASHIMATH_FARM"   ,   1,        24.3,        11.8
"Load.SAHAKARI"         ,   1,        24.3,        11.8
"Load.SHIVNAGARI"       ,   1,        64.8,        31.4
"Load.GANESH_TEMPLE"    ,   1,        64.8,        31.4
"Load.HOUSING_BOARD_NEW",   1,        81.0,        39.2
"Load.HOUSING_BOARD_I"  ,   1,        48.6,        23.5
"Load.SAAD_PHASE_II"    ,   1,        81.0,        39.2
"Load.SAAD_I"           ,   1,        97.2,        47.1
"Load.SAAD_II"          ,   1,        97.2,        47.1
"Load.KATMGAAL"         ,   1,        24.3,        11.8
"Load.CONEM_II"         ,   1,        15.3,         7.4
"Load.CONEM_I_HIGHWAY"  ,   1,        15.3,         7.4
"Load.AMBEGAL_II"       ,   1,        64.8,        31.4
"Load.MILITARY_GATE"    ,   1,        48.6,        23.5
